Size,Time
0,0.000000029
1,0.000000321
2,0.000000281
3,0.000000511
4,0.000000421
5,0.000000792
10,0.000001673
15,0.000003217
20,0.000004118
25,0.000004479
30,0.000004900
35,0.000005581
40,0.000007073
45,0.000010029
50,0.000008285
100,0.000016812
150,0.000025758
200,0.000046967
250,0.000063488
300,0.000056455
350,0.000083817
400,0.000074699
450,0.000100607
500,0.000099064
1000,0.000197818
1500,0.000319395
2000,0.000443436
2500,0.000561877
3000,0.000726404
3500,0.000860483
4000,0.000963676
4500,0.001252123
5000,0.001258986
10000,0.002737392
15000,0.004399659
20000,0.006080922
25000,0.007800607
30000,0.010090284
35000,0.011974766
40000,0.014244938
45000,0.015391795
50000,0.017800584
100000,0.046967882
150000,0.075932420
200000,0.123451149
250000,0.154751641
300000,0.194070597
350000,0.262880682
400000,0.340574539
450000,0.378261002
500000,0.447869787
1000000,1.077770014
